<?xml version="1.0" encoding="UTF-8"?>
<jcr:root xmlns:sling="http://sling.apache.org/jcr/sling/1.0" xmlns:cq="http://www.day.com/jcr/cq/1.0" xmlns:jcr="http://www.jcp.org/jcr/1.0" xmlns:nt="http://www.jcp.org/jcr/nt/1.0"
    jcr:primaryType="nt:unstructured"
    jcr:title="Scene7 Dynamic Image"
    sling:resourceType="cq/gui/components/authoring/dialog">
    <content
        jcr:primaryType="nt:unstructured"
        sling:resourceType="granite/ui/components/coral/foundation/tabs">
        <items jcr:primaryType="nt:unstructured">
            <advanced
                jcr:primaryType="nt:unstructured"
                jcr:title="Configurations"
                sling:resourceType="granite/ui/components/coral/foundation/fixedcolumns">
                <items jcr:primaryType="nt:unstructured">
                    <column
                        jcr:primaryType="nt:unstructured"
                        sling:resourceType="granite/ui/components/foundation/container">
                        <items jcr:primaryType="nt:unstructured">
                            <scene7Image
                                jcr:primaryType="nt:unstructured"
                                sling:resourceType="granite/ui/components/coral/foundation/form/textfield"
                                fieldLabel="Scene7 Image Name"
                                name="./scene7Name"
                                required="{Boolean}true"/>
                            <title
                                jcr:primaryType="nt:unstructured"
                                sling:resourceType="granite/ui/components/coral/foundation/form/textfield"
                                fieldLabel="Title"
                                name="./title"
                                required="{Boolean}true"/>
                            <alt
                                jcr:primaryType="nt:unstructured"
                                sling:resourceType="granite/ui/components/coral/foundation/form/textfield"
                                fieldDescription="(leave empty to use the above title)"
                                fieldLabel="Alt Text"
                                name="./alt"
                                required="{Boolean}true"/>
                            <linkUrl
                                jcr:primaryType="nt:unstructured"
                                sling:resourceType="granite/ui/components/coral/foundation/form/pathfield"
                                fieldDescription="Adds a link to the image, if set."
                                fieldLabel="URL"
                                name="./linkUrl"/>
                            <linkTarget
                                jcr:primaryType="nt:unstructured"
                                sling:resourceType="granite/ui/components/coral/foundation/form/select"
                                fieldDescription="The link target to use."
                                fieldLabel="Open in"
                                name="./linkTarget">
                                <items jcr:primaryType="nt:unstructured">
                                    <left
                                        jcr:primaryType="nt:unstructured"
                                        text="Same Window"
                                        value="_self"/>
                                    <right
                                        jcr:primaryType="nt:unstructured"
                                        text="New Window"
                                        value="_blank"/>
                                </items>
                            </linkTarget>
                            <align
                                jcr:primaryType="nt:unstructured"
                                sling:resourceType="granite/ui/components/coral/foundation/form/select"
                                fieldDescription="Align the scene7 image"
                                fieldLabel="Alignment"
                                name="./align"
                                value="-left">
                                <items jcr:primaryType="nt:unstructured">
                                    <left
                                        jcr:primaryType="nt:unstructured"
                                        text="Left (Default)"
                                        value="-left"/>
                                    <right
                                        jcr:primaryType="nt:unstructured"
                                        text="Right"
                                        value="-right"/>
                                    <center
                                        jcr:primaryType="nt:unstructured"
                                        text="Center"
                                        value="-center"/>
                                </items>
                            </align>
                            <imagePresetsVbox
                                jcr:primaryType="nt:unstructured"
                                jcr:title="Image Presets"
                                sling:resourceType="granite/ui/components/coral/foundation/form/fieldset">
                                <items jcr:primaryType="nt:unstructured"/>
                            </imagePresetsVbox>
                            <selectedImagePreset
                                jcr:primaryType="nt:unstructured"
                                sling:resourceType="granite/ui/components/coral/foundation/form/textfield"
                                fieldLabel="Image Preset"
                                name="./s7ImagePreset"/>
                            <viewerPresetsHbox
                                jcr:primaryType="nt:unstructured"
                                jcr:title="Viewer Presets"
                                sling:resourceType="granite/ui/components/coral/foundation/fixedcolumns">
                                <items jcr:primaryType="nt:unstructured">
                                    <column
                                        jcr:primaryType="nt:unstructured"
                                        sling:resourceType="granite/ui/components/foundation/container">
                                        <items jcr:primaryType="nt:unstructured"/>
                                    </column>
                                </items>
                            </viewerPresetsHbox>
                            <selectedViewerPreset
                                jcr:primaryType="nt:unstructured"
                                sling:resourceType="granite/ui/components/coral/foundation/form/textfield"
                                fieldLabel="Viewer Preset"
                                name="./s7ViewerPreset"/>
                            <eventDataDetails
                                jcr:primaryType="nt:unstructured"
                                jcr:title="Ensighten Event data"
                                sling:resourceType="granite/ui/components/coral/foundation/form/fieldset">
                                <items jcr:primaryType="nt:unstructured">
                                    <eventType
                                        jcr:primaryType="nt:unstructured"
                                        sling:resourceType="granite/ui/components/coral/foundation/form/select"
                                        fieldDescription="Event Type between cmCreateElementTag/cmCreatePromotionTag"
                                        fieldLabel="Event Type"
                                        name="./eventType"
                                        value="sEvent">
                                        <items jcr:primaryType="nt:unstructured">
                                            <standard
                                                jcr:primaryType="nt:unstructured"
                                                text="Standard Click(Default)"
                                                value="sEvent"/>
                                            <partner
                                                jcr:primaryType="nt:unstructured"
                                                text="Partner Click"
                                                value="pEvent"/>
                                        </items>
                                    </eventType>
                                    <eventTitle
                                        jcr:primaryType="nt:unstructured"
                                        sling:resourceType="granite/ui/components/coral/foundation/form/textfield"
                                        fieldLabel="Event Title"
                                        name="./eventTitle"/>
                                    <eventData
                                        jcr:primaryType="nt:unstructured"
                                        sling:resourceType="granite/ui/components/coral/foundation/form/textfield"
                                        fieldLabel="Event Data"
                                        name="./eventData"/>
                                </items>
                            </eventDataDetails>
                        </items>
                    </column>
                </items>
            </advanced>
        </items>
    </content>
</jcr:root>
