<?xml version="1.0" encoding="UTF-8"?>
<jcr:root xmlns:sling="http://sling.apache.org/jcr/sling/1.0" xmlns:cq="http://www.day.com/jcr/cq/1.0" xmlns:jcr="http://www.jcp.org/jcr/1.0" xmlns:nt="http://www.jcp.org/jcr/nt/1.0"
    jcr:primaryType="nt:unstructured"
    jcr:title="Scene7 Dynamic Image"
    sling:resourceType="cq/gui/components/authoring/dialog">
    <content
        jcr:primaryType="nt:unstructured"
        sling:resourceType="granite/ui/components/foundation/container">
        <layout
            jcr:primaryType="nt:unstructured"
            sling:resourceType="granite/ui/components/foundation/layouts/fixedcolumns"
            margin="{Boolean}false"
            type="nav"/>
        <items jcr:primaryType="nt:unstructured">
            <column
                jcr:primaryType="nt:unstructured"
                sling:resourceType="granite/ui/components/foundation/container">
                <items jcr:primaryType="nt:unstructured">
                    <scene7Image
                        jcr:primaryType="nt:unstructured"
                        sling:resourceType="granite/ui/components/coral/foundation/form/textfield"
                        fieldLabel="Scene7 Image Name"
                        name="./scene7Name"
                        required="{Boolean}true"/>
                    <title
                        jcr:primaryType="nt:unstructured"
                        sling:resourceType="granite/ui/components/coral/foundation/form/textfield"
                        fieldLabel="Title"
                        name="./title"
                        required="{Boolean}true"/>
                    <alt
                        jcr:primaryType="nt:unstructured"
                        sling:resourceType="granite/ui/components/coral/foundation/form/textfield"
                        fieldDescription="(leave empty to use the above title)"
                        fieldLabel="Alt Text"
                        name="./alt"
                        required="{Boolean}true"/>
                    <linkUrl
                        jcr:primaryType="nt:unstructured"
                        sling:resourceType="granite/ui/components/coral/foundation/form/pathfield"
                        fieldDescription="Adds a link to the image, if set."
                        fieldLabel="URL"
                        name="./linkUrl"/>
                    <align
                        jcr:primaryType="nt:unstructured"
                        sling:resourceType="granite/ui/components/coral/foundation/form/select"
                        fieldDescription="Align the scene7 image"
                        fieldLabel="Alignment"
                        name="./align"
                        value="-left">
                        <items jcr:primaryType="nt:unstructured">
                            <left
                                jcr:primaryType="nt:unstructured"
                                text="Left (Default)"
                                value="-left"/>
                            <right
                                jcr:primaryType="nt:unstructured"
                                text="Right"
                                value="-right"/>
                            <center
                                jcr:primaryType="nt:unstructured"
                                text="Center"
                                value="-center"/>
                        </items>
                    </align>
                    <presets
                        jcr:primaryType="nt:unstructured"
                        jcr:title="Image Presets"
                        sling:resourceType="granite/ui/components/foundation/form/fieldset">
                        <items jcr:primaryType="nt:unstructured">
                            <s7config
                                jcr:primaryType="nt:unstructured"
                                sling:resourceType="granite/ui/components/coral/foundation/form/select"
                                fieldDescription="S7 Configuration"
                                fieldLabel="S7 Configuration"
                                name="./s7config">
                                <items jcr:primaryType="nt:unstructured">
                                    <todo
                                        jcr:primaryType="nt:unstructured"
                                        text="todo"
                                        value="todo"/>
                                </items>
                            </s7config>
                            <imagepresets
                                jcr:primaryType="nt:unstructured"
                                sling:resourceType="granite/ui/components/coral/foundation/form/select"
                                fieldDescription="Image Presets"
                                fieldLabel="Image Presets"
                                name="./imagepresets">
                                <items jcr:primaryType="nt:unstructured">
                                    <todo
                                        jcr:primaryType="nt:unstructured"
                                        text="todo"
                                        value="todo"/>
                                </items>
                            </imagepresets>
                        </items>
                    </presets>
                    <ensighten
                        jcr:primaryType="nt:unstructured"
                        sling:resourceType="granite/ui/components/foundation/form/fieldset">
                        <layout
                            jcr:primaryType="nt:unstructured"
                            sling:resourceType="granite/ui/components/foundation/layouts/fixedcolumns"/>
                        <items jcr:primaryType="nt:unstructured">
                            <column
                                jcr:primaryType="nt:unstructured"
                                jcr:title="Ensighten Event Data"
                                sling:resourceType="granite/ui/components/foundation/container">
                                <items jcr:primaryType="nt:unstructured">
                                    <eventtype
                                        jcr:primaryType="nt:unstructured"
                                        sling:resourceType="granite/ui/components/coral/foundation/form/select"
                                        fieldDescription="Event Type"
                                        fieldLabel="Event Type"
                                        name="./eventtype">
                                        <items jcr:primaryType="nt:unstructured">
                                            <standard
                                                jcr:primaryType="nt:unstructured"
                                                text="Standard Click(Default)"
                                                value="standardClick"/>
                                            <partner
                                                jcr:primaryType="nt:unstructured"
                                                text="Partner Click"
                                                value="partnerClick"/>
                                        </items>
                                    </eventtype>
                                    <eventtitle
                                        jcr:primaryType="nt:unstructured"
                                        sling:resourceType="granite/ui/components/foundation/form/textfield"
                                        fieldDescription="Event Title"
                                        fieldLabel="Event Title"
                                        name="./eventtitle"/>
                                    <eventdata
                                        jcr:primaryType="nt:unstructured"
                                        sling:resourceType="granite/ui/components/foundation/form/textfield"
                                        fieldDescription="Event Data"
                                        fieldLabel="Event Data"
                                        name="./eventdata"/>
                                </items>
                                <layout
                                    jcr:primaryType="nt:unstructured"
                                    sling:resourceType="granite/ui/components/foundation/layouts/collapsible"/>
                            </column>
                        </items>
                    </ensighten>
                </items>
            </column>
        </items>
    </content>
</jcr:root>
