<?xml version="1.0" encoding="UTF-8"?>
<jcr:root xmlns:cq="http://www.day.com/jcr/cq/1.0" xmlns:jcr="http://www.jcp.org/jcr/1.0" xmlns:nt="http://www.jcp.org/jcr/nt/1.0"
    jcr:primaryType="cq:Dialog"
    deferredRender="false"
    title="Scene7 Dynamic Image"
    xtype="tabpanel">
    <items jcr:primaryType="cq:WidgetCollection">
        <advanced
            jcr:primaryType="cq:Widget"
            title="Configurations"
            xtype="panel">
            <listeners
                jcr:primaryType="nt:unstructured"
                activate="function(panel) {CQ.scene7.dynamicImageHelper.activateAdvancedTab(panel);                                            CQ.scene7.dynamicImageHelper.initS7ImagePanel(panel, false);}"/>
            <items jcr:primaryType="cq:WidgetCollection">
                <scene7Image
                    jcr:primaryType="cq:Widget"
                    allowBlank="{Boolean}false"
                    fieldLabel="Scene7 Image Name"
                    name="./scene7Name"
                    xtype="textfield"/>
                <title
                    jcr:primaryType="cq:Widget"
                    allowBlank="{Boolean}false"
                    fieldLabel="Title"
                    name="./title"
                    xtype="textfield"/>
                <alt
                    jcr:primaryType="cq:Widget"
                    allowBlank="{Boolean}false"
                    fieldDescription="(leave empty to use the above title)"
                    fieldLabel="Alt Text"
                    name="./alt"
                    xtype="textfield"/>
                <linkUrl
                    jcr:primaryType="cq:Widget"
                    fieldDescription="Adds a link to the image, if set."
                    fieldLabel="URL"
                    name="./linkUrl"
                    xtype="pathfield"/>
                <linkTarget
                    jcr:primaryType="cq:Widget"
                    editable="true"
                    fieldDescription="The link target to use."
                    fieldLabel="Open in"
                    name="./linkTarget"
                    type="select"
                    xtype="selection">
                    <options jcr:primaryType="cq:WidgetCollection">
                        <left
                            jcr:primaryType="nt:unstructured"
                            text="Same Window"
                            value="_self"/>
                        <right
                            jcr:primaryType="nt:unstructured"
                            text="New Window"
                            value="_blank"/>
                    </options>
                </linkTarget>
                <align
                    jcr:primaryType="cq:Widget"
                    defaultValue="-left"
                    editable="true"
                    fieldDescription="Align the scene7 image"
                    fieldLabel="Alignment"
                    name="./align"
                    type="select"
                    xtype="selection">
                    <options jcr:primaryType="cq:WidgetCollection">
                        <left
                            jcr:primaryType="nt:unstructured"
                            text="Left (Default)"
                            value="-left"/>
                        <right
                            jcr:primaryType="nt:unstructured"
                            text="Right"
                            value="-right"/>
                        <center
                            jcr:primaryType="nt:unstructured"
                            text="Center"
                            value="-center"/>
                    </options>
                </align>
                <imagePresetsVbox
                    jcr:primaryType="cq:Widget"
                    border="true"
                    collapsed="false"
                    collapsible="false"
                    name="imagePresetsHbox"
                    padding="10"
                    title="Image Presets"
                    titleCollapse="true"
                    xtype="dialogfieldset"/>
                <selectedImagePreset
                    jcr:primaryType="cq:Widget"
                    fieldLabel="Image Preset"
                    hidden="{Boolean}true"
                    name="./s7ImagePreset"
                    xtype="textfield"/>
                <viewerPresetsHbox
                    jcr:primaryType="cq:Widget"
                    border="false"
                    collapsed="false"
                    collapsible="true"
                    hidden="{Boolean}true"
                    layout="form"
                    name="viewerPresetsHbox"
                    padding="10"
                    title="Viewer Presets"
                    titleCollapse="true"
                    xtype="panel"/>
                <selectedViewerPreset
                    jcr:primaryType="cq:Widget"
                    fieldLabel="Viewer Preset"
                    hidden="{Boolean}true"
                    name="./s7ViewerPreset"
                    xtype="textfield"/>
                <eventDataDetails
                    jcr:primaryType="cq:Widget"
                    path="/apps/cdw/components/content/cdwherobanner/dialog/items/items/tab1/items/eventdata.infinity.json"
                    xtype="cqinclude"/>
            </items>
        </advanced>
    </items>
</jcr:root>
